<?xml version="1.0" encoding="UTF-8" standalone="yes" ?>
<CodeBlocks_plugin_manifest_file>
    <SdkVersion major="1" minor="25"  release="0" />
    <Plugin name="SelectiveCompiling">
        <Value title="SelectiveCompiling" />
        <Value version="0.2" />
        <Value description="Select the targets you wan't to compile" />
        <Value author="bluehazzard" />
        <Value authorEmail="bluehazzard2@gmail.com" />
        <Value authorWebsite="" />
        <Value thanksTo="The whole c::b team" />
        <Value license="GPL" />
    </Plugin>
</CodeBlocks_plugin_manifest_file>
